arm	knob	O	h	c	K	pattern	ceff_gib	floor_gib	ublk_gib	upage_gib	x_ublk_over_ceff	mig_gib	htod_gib	dtoh_gib	time_s	amblkhtod	csv
H	0.940	1.5	0.940	0	1	rand	15.6080	14.8003	15.0410	13.6649	0.96367	15.0400	15.0400	0.0000	2.4778	0.9999	Tesla P100-PCIE-16GB,plain,1.500,0.9400,0.00000,rand,1,0.00,0.00,4096,contiguous,rmw,reset,0,24.00,16.00,15.040,6291456,3942645,492,2,1,9437184,9,4.9202,2.4778,2.4778,2.4778,3.81,0.06,13.6649,15.0410,15.0410,0,0,0.0000,0.0000,15.0400,0.0000,15.0400,1.1006,1.1006,1.0000,1.0000,0.9999,0.9999,1083.0,0.0,0.0,0.0,0.0,per_iter
H	0.960	1.5	0.960	0	1	rand	15.6080	14.8003	15.3613	13.8827	0.98419	15.3604	15.3604	0.0000	2.4560	0.9999	Tesla P100-PCIE-16GB,plain,1.500,0.9600,0.00000,rand,1,0.00,0.00,4096,contiguous,rmw,reset,0,24.00,16.00,15.360,6291456,4026531,328,2,1,9437184,9,4.9507,2.4560,2.4560,2.4560,3.84,0.06,13.8827,15.3613,15.3613,0,0,0.0000,0.0000,15.3604,0.0000,15.3604,1.1064,1.1064,1.0000,1.0000,0.9999,0.9999,1168.0,0.0,0.0,0.0,0.0,per_iter
H	0.970	1.5	0.970	0	1	rand	15.6080	14.8003	15.5215	13.9917	0.99446	15.5200	15.5200	0.0000	2.4972	0.9999	Tesla P100-PCIE-16GB,plain,1.500,0.9700,0.00000,rand,1,0.00,0.00,4096,contiguous,rmw,reset,0,24.00,16.00,15.520,6291456,4068474,246,2,1,9437184,9,4.9836,2.4972,2.4972,2.4972,3.78,0.06,13.9917,15.5215,15.5215,0,0,0.0000,0.0000,15.5200,0.0000,15.5200,1.1092,1.1092,1.0000,1.0000,0.9999,0.9999,1259.0,0.0,0.0,0.0,0.0,per_iter
H	0.9745	1.5	0.9745	0	1	rand	15.6080	14.8003	15.5938	14.0407	0.99909	15.5920	15.5920	0.0000	2.4739	0.9999	Tesla P100-PCIE-16GB,plain,1.500,0.9745,0.00000,rand,1,0.00,0.00,4096,contiguous,rmw,reset,0,24.00,16.00,15.592,6291456,4087349,209,2,1,9437184,9,4.9857,2.4739,2.4739,2.4739,3.81,0.06,14.0407,15.5938,15.5938,0,0,0.0000,0.0000,15.5920,0.0000,15.5920,1.1105,1.1105,1.0000,1.0000,0.9999,0.9999,1411.0,0.0,0.0,0.0,0.0,per_iter
H	0.9750	1.5	0.9750	0	1	rand	15.6080	14.8003	15.6016	14.0445	0.99959	15.6001	15.6001	0.0000	2.4529	0.9999	Tesla P100-PCIE-16GB,plain,1.500,0.9750,0.00000,rand,1,0.00,0.00,4096,contiguous,rmw,reset,0,24.00,16.00,15.600,6291456,4089446,205,2,1,9437184,9,4.9438,2.4529,2.4529,2.4529,3.85,0.06,14.0445,15.6016,15.6016,0,0,0.0000,0.0000,15.6001,0.0000,15.6001,1.1108,1.1108,1.0000,1.0000,0.9999,0.9999,1224.0,0.0,0.0,0.0,0.0,per_iter
H	0.9754	1.5	0.9754	0	1	rand	15.6080	14.8003	15.6074	14.0497	0.99996	16.7421	16.1671	0.5750	2.7423	1.0359	Tesla P100-PCIE-16GB,plain,1.500,0.9754,0.00000,rand,1,0.00,0.00,4096,contiguous,rmw,reset,0,24.00,16.00,15.606,6291456,4091124,202,2,1,9437184,9,5.4773,2.7423,2.7423,2.7423,3.44,0.06,14.0497,15.6074,15.6074,0,0,0.0000,0.0000,16.1671,0.5750,16.7421,1.1916,1.1507,1.0728,1.0359,1.0727,1.0359,1882.0,0.0,0.0,0.0,0.0,per_iter
H	0.9755	1.5	0.9755	0	1	rand	15.6080	14.8003	15.6094	14.0518	1.00009	20.8400	18.2058	2.6342	3.0756	1.1663	Tesla P100-PCIE-16GB,plain,1.500,0.9755,0.00000,rand,1,0.00,0.00,4096,contiguous,rmw,reset,0,24.00,16.00,15.608,6291456,4091543,201,2,1,9437184,9,6.1306,3.0756,3.0756,3.0756,3.07,0.05,14.0518,15.6094,15.6094,0,0,0.0000,0.0000,18.2058,2.6342,20.8400,1.4831,1.2956,1.3352,1.1664,1.3351,1.1663,3322.0,0.0,0.0,0.0,0.0,per_iter
H	0.9757	1.5	0.9757	0	1	rand	15.6080	14.8003	15.6113	14.0525	1.00021	29.9730	22.7466	7.2264	4.1531	1.4571	Tesla P100-PCIE-16GB,plain,1.500,0.9757,0.00000,rand,1,0.00,0.00,4096,contiguous,rmw,reset,0,24.00,16.00,15.611,6291456,4092382,199,2,1,9437184,9,8.3233,4.1531,4.1531,4.1531,2.27,0.04,14.0525,15.6113,15.6113,0,0,0.0000,0.0000,22.7466,7.2264,29.9730,2.1329,1.6187,1.9200,1.4571,1.9200,1.4571,6108.0,0.0,0.0,0.0,0.0,per_iter
H	0.976	1.5	0.976	0	1	rand	15.6080	14.8003	15.6172	14.0568	1.00059	56.4337	35.9131	20.5205	8.0580	2.2996	Tesla P100-PCIE-16GB,plain,1.500,0.9760,0.00000,rand,1,0.00,0.00,4096,contiguous,rmw,reset,0,24.00,16.00,15.616,6291456,4093640,197,2,1,9437184,9,16.2021,8.0580,8.0580,8.0580,1.17,0.02,14.0568,15.6172,15.6172,0,0,0.0000,0.0000,35.9131,20.5205,56.4337,4.0147,2.5549,3.6138,2.2998,3.6136,2.2996,9319.0,0.0,0.0,0.0,0.0,per_iter
H	0.977	1.5	0.977	0	1	rand	15.6080	14.8003	15.6328	14.0655	1.00159	126.4616	70.7394	55.7222	17.0897	4.5251	Tesla P100-PCIE-16GB,plain,1.500,0.9770,0.00000,rand,1,0.00,0.00,4096,contiguous,rmw,reset,0,24.00,16.00,15.632,6291456,4097835,188,2,1,9437184,9,34.2660,17.0897,17.0897,17.0897,0.55,0.01,14.0655,15.6328,15.6328,0,0,0.0000,0.0000,70.7394,55.7222,126.4616,8.9909,5.0293,8.0899,4.5253,8.0895,4.5251,16357.0,0.0,0.0,0.0,0.0,per_iter
H	0.978	1.5	0.978	0	1	rand	15.6080	14.8003	15.6484	14.0780	1.00259	195.7430	105.2395	90.5035	23.8555	6.7252	Tesla P100-PCIE-16GB,plain,1.500,0.9780,0.00000,rand,1,0.00,0.00,4096,contiguous,rmw,reset,0,24.00,16.00,15.648,6291456,4102029,180,2,1,9437184,9,47.7814,23.8555,23.8555,23.8555,0.40,0.01,14.0780,15.6484,15.6484,0,0,0.0000,0.0000,105.2395,90.5035,195.7430,13.9042,7.4755,12.5091,6.7254,12.5088,6.7252,21217.0,0.0,0.0,0.0,0.0,per_iter
H	0.980	1.5	0.980	0	1	rand	15.6080	14.8003	15.6816	14.1013	1.00472	344.1377	179.1192	165.0185	45.7484	11.4222	Tesla P100-PCIE-16GB,plain,1.500,0.9800,0.00000,rand,1,0.00,0.00,4096,contiguous,rmw,reset,0,24.00,16.00,15.680,6291456,4110417,164,2,1,9437184,9,91.2631,45.7484,45.7484,45.7484,0.21,0.00,14.1013,15.6816,15.6816,0,0,0.0000,0.0000,179.1192,165.0185,344.1377,24.4047,12.7023,21.9475,11.4234,21.9453,11.4222,33046.0,0.0,0.0,0.0,0.0,per_iter
H	0.982	1.5	0.982	0	1	rand	15.6080	14.8003	15.7129	14.1198	1.00672	482.7953	248.0790	234.7163	58.1321	15.7882	Tesla P100-PCIE-16GB,plain,1.500,0.9820,0.00000,rand,1,0.00,0.00,4096,contiguous,rmw,reset,0,24.00,16.00,15.712,6291456,4118806,147,2,1,9437184,9,116.2272,58.1321,58.1321,58.1321,0.16,0.00,14.1198,15.7129,15.7129,0,0,0.0000,0.0000,248.0790,234.7163,482.7953,34.1927,17.5696,30.7277,15.7891,30.7261,15.7882,38961.0,0.0,0.0,0.0,0.0,per_iter
H	0.984	1.5	0.984	0	1	rand	15.6080	14.8003	15.7441	14.1407	1.00872	613.4081	313.0881	300.3200	72.6889	19.8860	Tesla P100-PCIE-16GB,plain,1.500,0.9840,0.00000,rand,1,0.00,0.00,4096,contiguous,rmw,reset,0,24.00,16.00,15.744,6291456,4127195,131,2,1,9437184,9,145.1580,72.6889,72.6889,72.6889,0.13,0.00,14.1407,15.7441,15.7441,0,0,0.0000,0.0000,313.0881,300.3200,613.4081,43.3789,22.1409,38.9613,19.8862,38.9610,19.8860,77620.0,0.0,0.0,0.0,0.0,per_iter
C	0.000	1.5	0.90	0.000	1	rand	15.6080	14.8003	14.4004	13.2159	0.92263	14.4004	14.4004	0.0000	2.3071	1.0000	Tesla P100-PCIE-16GB,plain,1.500,0.9000,0.00000,rand,1,0.00,0.00,4096,contiguous,rmw,reset,0,24.00,16.00,14.400,6291456,3774873,819,2,1,9437184,9,4.6238,2.3071,2.3071,2.3071,4.09,0.07,13.2159,14.4004,14.4004,0,0,0.0000,0.0000,14.4004,0.0000,14.4004,1.0896,1.0896,1.0000,1.0000,1.0000,1.0000,1166.0,0.0,0.0,0.0,0.0,per_iter
C	0.002	1.5	0.90	0.002	1	rand	15.6080	14.8003	23.7715	13.2820	1.52303	556.3127	284.1233	272.1894	72.0703	11.9523	Tesla P100-PCIE-16GB,plain,1.500,0.9000,0.00200,rand,1,0.00,0.00,4096,contiguous,rmw,reset,0,24.00,16.00,14.400,6291456,3774873,819,2,1,9437184,9,144.0927,72.0703,72.0703,72.0703,0.13,0.00,13.2820,23.7715,23.7715,19027,4798,9.3711,5.8569,284.1233,272.1894,556.3127,41.8847,21.3916,35.9070,18.3386,23.4025,11.9523,41924.0,0.0,0.0,0.0,0.0,per_iter
C	0.005	1.5	0.90	0.005	1	rand	15.6080	14.8003	23.9980	13.3794	1.53754	978.1116	493.9719	484.1397	116.6074	20.5838	Tesla P100-PCIE-16GB,plain,1.500,0.9000,0.00500,rand,1,0.00,0.00,4096,contiguous,rmw,reset,0,24.00,16.00,14.400,6291456,3774873,819,2,1,9437184,9,233.2861,116.6074,116.6074,116.6074,0.08,0.00,13.3794,23.9980,23.9980,47266,4915,9.5996,5.9997,493.9719,484.1397,978.1116,73.1056,36.9203,57.9259,29.2541,40.7580,20.5838,53046.0,0.0,0.0,0.0,0.0,per_iter
C	0.010	1.5	0.90	0.010	1	rand	15.6080	14.8003	24.0000	13.5391	1.53767	1330.2037	669.2101	660.9936	159.0007	27.8838	Tesla P100-PCIE-16GB,plain,1.500,0.9000,0.01000,rand,1,0.00,0.00,4096,contiguous,rmw,reset,0,24.00,16.00,14.400,6291456,3774873,819,2,1,9437184,9,318.1784,159.0007,159.0007,159.0007,0.06,0.00,13.5391,24.0000,24.0000,94312,4916,9.6016,6.0010,669.2101,660.9936,1330.2037,98.2492,49.4280,71.0332,35.7360,55.4252,27.8838,61837.0,0.0,0.0,0.0,0.0,per_iter
C	0.020	1.5	0.90	0.020	1	rand	15.6080	14.8003	24.0000	13.8503	1.53767	1592.8174	799.5643	793.2531	193.8551	33.3152	Tesla P100-PCIE-16GB,plain,1.500,0.9000,0.02000,rand,1,0.00,0.00,4096,contiguous,rmw,reset,0,24.00,16.00,14.400,6291456,3774873,819,2,1,9437184,9,387.6811,193.8551,193.8551,193.8551,0.05,0.00,13.8503,24.0000,24.0000,189058,4916,9.6016,6.0010,799.5643,793.2531,1592.8174,115.002,57.7292,75.4520,37.8755,66.3674,33.3152,65740.0,0.0,0.0,0.0,0.0,per_iter
C	0.050	1.5	0.90	0.050	1	rand	15.6080	14.8003	24.0000	14.7014	1.53767	1539.5500	771.9808	767.5692	244.8661	32.1659	Tesla P100-PCIE-16GB,plain,1.500,0.9000,0.05000,rand,1,0.00,0.00,4096,contiguous,rmw,reset,0,24.00,16.00,14.400,6291456,3774873,819,2,1,9437184,9,488.8245,244.8661,244.8661,244.8661,0.04,0.00,14.7014,24.0000,24.0000,472306,4916,9.6016,6.0010,771.9808,767.5692,1539.5500,104.721,52.5108,65.4548,32.8212,64.1479,32.1659,77413.0,0.0,0.0,0.0,0.0,per_iter
C	0.100	1.5	0.90	0.100	1	rand	15.6080	14.8003	24.0000	15.8836	1.53767	1780.9695	891.7525	889.2170	348.8811	37.1564	Tesla P100-PCIE-16GB,plain,1.500,0.9000,0.10000,rand,1,0.00,0.00,4096,contiguous,rmw,reset,0,24.00,16.00,14.400,6291456,3774873,819,2,1,9437184,9,693.6680,348.8811,348.8811,348.8811,0.03,0.00,15.8836,24.0000,24.0000,943485,4916,9.6016,6.0010,891.7525,889.2170,1780.9695,112.126,56.1431,74.2872,37.1965,74.2071,37.1564,84318.0,0.0,0.0,0.0,0.0,per_iter
C	0.200	1.5	0.90	0.200	1	rand	15.6080	14.8003	24.0000	17.5141	1.53767	2010.5942	1006.1586	1004.4356	403.7640	41.9233	Tesla P100-PCIE-16GB,plain,1.500,0.9000,0.20000,rand,1,0.00,0.00,4096,contiguous,rmw,reset,0,24.00,16.00,14.400,6291456,3774873,819,2,1,9437184,9,808.1563,403.7640,403.7640,403.7640,0.02,0.00,17.5141,24.0000,24.0000,1887238,4916,9.6016,6.0010,1006.1586,1004.4356,2010.5942,114.798,57.4484,83.7752,41.9235,83.7748,41.9233,76971.0,0.0,0.0,0.0,0.0,per_iter
O	1.05	1.05	0.90	0.02	1	rand	15.6150	14.8003	16.8008	13.7787	1.07594	1466.6207	737.1145	729.5062	177.2211	43.8738	Tesla P100-PCIE-16GB,plain,1.050,0.9000,0.02000,rand,1,0.00,0.00,4096,contiguous,rmw,reset,0,16.80,16.00,14.400,4404019,3774873,819,2,1,9437184,9,354.3907,177.2211,177.2211,177.2211,0.05,0.00,13.7787,16.8008,16.8008,189058,1230,2.4023,1.5015,737.1145,729.5062,1466.6207,106.440,53.4965,87.3938,43.9236,87.2948,43.8738,64329.0,0.0,0.0,0.0,0.0,per_iter
O	1.10	1.10	0.90	0.02	1	rand	15.6143	14.8003	17.6016	13.8017	1.12727	1527.2160	767.1996	760.0165	213.7049	43.5870	Tesla P100-PCIE-16GB,plain,1.100,0.9000,0.02000,rand,1,0.00,0.00,4096,contiguous,rmw,reset,0,17.60,16.00,14.400,4613734,3774873,819,2,1,9437184,9,426.9350,213.7049,213.7049,213.7049,0.04,0.00,13.8017,17.6016,17.6016,189058,1640,3.2031,2.0020,767.1996,760.0165,1527.2160,110.654,55.5873,87.2129,43.8116,86.7659,43.5870,69138.0,0.0,0.0,0.0,0.0,per_iter
O	1.25	1.25	0.90	0.02	1	rand	15.6119	14.8003	20.0000	13.8322	1.28107	1575.4780	791.1002	784.3778	217.5913	39.5550	Tesla P100-PCIE-16GB,plain,1.250,0.9000,0.02000,rand,1,0.00,0.00,4096,contiguous,rmw,reset,0,20.00,16.00,14.400,5242880,3774873,819,2,1,9437184,9,435.5272,217.5913,217.5913,217.5913,0.04,0.00,13.8322,20.0000,20.0000,189058,2868,5.6016,3.5010,791.1002,784.3778,1575.4780,113.899,57.1925,81.6571,41.0028,78.7739,39.5550,68077.0,0.0,0.0,0.0,0.0,per_iter
O	1.50	1.50	0.90	0.02	1	rand	15.6080	14.8003	24.0000	13.8503	1.53767	1594.3223	800.3162	794.0060	195.5351	33.3465	Tesla P100-PCIE-16GB,plain,1.500,0.9000,0.02000,rand,1,0.00,0.00,4096,contiguous,rmw,reset,0,24.00,16.00,14.400,6291456,3774873,819,2,1,9437184,9,391.2836,195.5351,195.5351,195.5351,0.05,0.00,13.8503,24.0000,24.0000,189058,4916,9.6016,6.0010,800.3162,794.0060,1594.3223,115.111,57.7835,75.5232,37.9111,66.4301,33.3465,67071.0,0.0,0.0,0.0,0.0,per_iter
O	2.00	2.00	0.90	0.02	1	rand	15.6002	14.8003	32.0000	13.8622	2.05126	1604.2564	805.1959	799.0605	197.4678	25.1624	Tesla P100-PCIE-16GB,plain,2.000,0.9000,0.02000,rand,1,0.00,0.00,4096,contiguous,rmw,reset,0,32.00,16.00,14.400,8388608,3774873,819,2,1,9437184,9,395.2394,197.4678,197.4678,197.4678,0.05,0.00,13.8622,32.0000,32.0000,189058,9012,17.6016,11.0010,805.1959,799.0605,1604.2564,115.729,58.0858,70.1238,35.1960,50.1330,25.1624,76948.0,0.0,0.0,0.0,0.0,per_iter
O	3.00	3.00	0.90	0.02	1	rand	15.5846	14.8003	48.0000	13.8691	3.07996	1608.7701	807.3613	801.4088	199.3852	16.8200	Tesla P100-PCIE-16GB,plain,3.000,0.9000,0.02000,rand,1,0.00,0.00,4096,contiguous,rmw,reset,0,48.00,16.00,14.400,12582912,3774873,819,2,1,9437184,9,398.8710,199.3852,199.3852,199.3852,0.05,0.00,13.8691,48.0000,48.0000,189058,17203,33.5996,20.9997,807.3613,801.4088,1608.7701,115.997,58.2131,66.5570,33.4016,33.5160,16.8200,116353.0,0.0,0.0,0.0,0.0,per_iter
K	1	1.5	0.99	0.02	1	rand	15.6480	166.9250	24.0000	14.8216	1.53374	1489.6791	746.9031	742.7759	216.3371	31.1210	Tesla P100-PCIE-16GB,plain,1.500,0.9900,0.02000,rand,1,0.00,0.00,4096,contiguous,rmw,reset,0,24.00,16.00,15.840,6291456,4152360,82,2,1,9437184,9,432.5119,216.3371,216.3371,216.3371,0.04,0.00,14.8216,24.0000,24.0000,189058,4178,8.1602,50.9998,746.9031,742.7759,1489.6791,100.507,50.3929,67.6693,33.9284,62.0700,31.1210,72804.0,0.0,0.0,0.0,0.0,per_iter
K	2	1.5	0.99	0.02	2	rand	15.6480	166.9250	24.0000	11.6330	1.53374	1096.5698	550.0092	546.5605	194.2723	22.9171	Tesla P100-PCIE-16GB,plain,1.500,0.9900,0.02000,rand,2,0.00,0.00,4096,contiguous,rmw,reset,0,24.00,16.00,15.840,6291456,4152360,82,2,1,9437184,9,398.9829,194.2723,194.2723,194.2723,0.05,0.00,11.6330,24.0000,24.0000,189404,4178,8.1602,50.9998,550.0092,546.5605,1096.5698,94.2640,47.2802,54.0524,27.1112,45.6904,22.9171,76240.0,0.0,0.0,0.0,0.0,per_iter
K	4	1.5	0.99	0.02	4	rand	15.6480	166.9250	24.0000	8.5335	1.53374	888.4949	445.7355	442.7594	157.4467	18.5723	Tesla P100-PCIE-16GB,plain,1.500,0.9900,0.02000,rand,4,0.00,0.00,4096,contiguous,rmw,reset,0,24.00,16.00,15.840,6291456,4152360,82,2,1,9437184,9,317.1790,157.4467,157.4467,157.4467,0.06,0.00,8.5335,24.0000,24.0000,189248,4178,8.1602,50.9998,445.7355,442.7594,888.4949,104.118,52.2335,46.9878,23.5726,37.0206,18.5723,69706.0,0.0,0.0,0.0,0.0,per_iter
K	8	1.5	0.99	0.02	8	rand	15.6480	166.9250	24.0000	6.3405	1.53374	794.8648	398.7453	396.1195	144.1889	16.6144	Tesla P100-PCIE-16GB,plain,1.500,0.9900,0.02000,rand,8,0.00,0.00,4096,contiguous,rmw,reset,0,24.00,16.00,15.840,6291456,4152360,82,2,1,9437184,9,290.0407,144.1889,144.1889,144.1889,0.07,0.00,6.3405,24.0000,24.0000,189334,4178,8.1602,50.9998,398.7453,396.1195,794.8648,125.362,62.8882,44.0632,22.1044,33.1194,16.6144,67425.0,0.0,0.0,0.0,0.0,per_iter
K	16	1.5	0.99	0.02	16	rand	15.6480	166.9250	23.9551	3.5506	1.53087	772.3298	387.0361	385.2937	144.6375	16.1567	Tesla P100-PCIE-16GB,plain,1.500,0.9900,0.02000,rand,16,0.00,0.00,4096,contiguous,rmw,reset,0,24.00,16.00,15.840,6291456,4152360,82,2,1,9437184,9,292.6166,144.6375,144.6375,144.6375,0.07,0.00,3.5506,23.9551,23.9551,189378,4155,8.1152,50.7191,387.0361,385.2937,772.3298,217.521,109.006,46.1804,23.1423,32.2408,16.1567,87001.0,0.0,0.0,0.0,0.0,per_iter
K	64	1.5	0.99	0.02	64	rand	15.6480	166.9250	23.9551	3.5506	1.53087	768.3881	384.9703	383.4178	138.2603	16.0705	Tesla P100-PCIE-16GB,plain,1.500,0.9900,0.02000,rand,64,0.00,0.00,4096,contiguous,rmw,reset,0,24.00,16.00,15.840,6291456,4152360,82,2,1,9437184,9,281.3682,138.2603,138.2603,138.2603,0.07,0.00,3.5506,23.9551,23.9551,189378,4155,8.1152,50.7191,384.9703,383.4178,768.3881,216.411,108.424,45.9447,23.0188,32.0762,16.0705,126323.0,0.0,0.0,0.0,0.0,per_iter
K	256	1.5	0.99	0.02	256	rand	15.6480	166.9250	23.9551	3.5506	1.53087	778.3687	390.0339	388.3348	140.5898	16.2819	Tesla P100-PCIE-16GB,plain,1.500,0.9900,0.02000,rand,256,0.00,0.00,4096,contiguous,rmw,reset,0,24.00,16.00,15.840,6291456,4152360,82,2,1,9437184,9,280.2062,140.5898,140.5898,140.5898,0.07,0.00,3.5506,23.9551,23.9551,189378,4155,8.1152,50.7191,390.0339,388.3348,778.3687,219.222,109.850,46.5415,23.3216,32.4928,16.2819,69691.0,0.0,0.0,0.0,0.0,per_iter
P	rand	1.5	0.90	0.05	1	rand	15.6480	159.2760	24.0000	14.7014	1.53374	1545.6479	774.8876	770.7604	239.8567	32.2870	Tesla P100-PCIE-16GB,plain,1.500,0.9000,0.05000,rand,1,0.00,0.00,4096,contiguous,rmw,reset,0,24.00,16.00,14.400,6291456,3774873,819,2,1,9437184,9,477.2881,239.8567,239.8567,239.8567,0.04,0.00,14.7014,24.0000,24.0000,472306,4916,9.6016,6.0010,774.8876,770.7604,1545.6479,105.136,52.7085,65.7141,32.9448,64.4020,32.2870,79488.0,0.0,0.0,0.0,0.0,per_iter
P	seq	1.5	0.90	0.05	1	seq	15.6480	159.2760	24.0000	14.7426	1.53374	267.8762	141.6653	126.2109	37.1008	5.9027	Tesla P100-PCIE-16GB,plain,1.500,0.9000,0.05000,seq,1,0.00,0.00,4096,contiguous,rmw,reset,0,24.00,16.00,14.400,6291456,3774873,819,2,1,9437184,9,74.1182,37.1008,37.1008,37.1008,0.25,0.00,14.7426,24.0000,24.0000,472306,4916,9.6016,6.0010,141.6653,126.2109,267.8762,18.1702,9.6092,11.4552,6.0580,11.1615,5.9027,23825.0,0.0,0.0,0.0,0.0,per_iter
